calcTest_before,triTest_before,calcop_after,triop_after,total_before,total_after
1.741,0.002,0.056,0.143,1.743,0.19899999999999998
1.0,0.001,0.06,0.138,1.001,0.198
1.067,0.002,0.123,0.352,1.069,0.475
1.329,0.001,0.055,0.153,1.3299999999999998,0.208
1.128,0.002,0.058,0.145,1.13,0.20299999999999999
